support,itemsets
0.39585714285714285,0
0.2764285714285714,S0
0.591,SF
0.31757142857142856,http
0.17285714285714285,private
0.2762857142857143,"S0, 0"
0.283,"http, SF"
