antecedents,consequents,antecedent support,consequent support,support,confidence,lift,representativity,leverage,conviction,zhangs_metric,jaccard,certainty,kulczynski
S0,0,0.2764285714285714,0.39585714285714285,0.2762857142857143,0.9994832041343671,2.5248583287407325,1.0,0.1668594897959184,1169.0164285717947,0.834662826890547,0.6976911976911978,0.9991445800285101,0.8487130925038491
http,SF,0.31757142857142856,0.591,0.283,0.8911381016644174,1.5078478877570516,1.0,0.09531528571428571,3.7570537190082636,0.49353609129730136,0.4523863895866635,0.7338339893995536,0.6849937547239177
